{
  "weights": [
    [
      -1.295554306741665,
      1.2943634750645348,
      0.014997398271920632,
      1.0280769635744766
    ],
    [
      1.068100465579265,
      -0.5144258393898142,
      -0.5752366516786754,
      -0.9719544952993289
    ],
    [
      0.30986671272514577,
      -0.6171713412750142,
      0.6247901895361679,
      0.020511071585081656
    ]
  ],
  "bias": [
    0.8039511993654537,
    -1.4740985791069459,
    0.6701473797414921
  ],
  "feature_names": [
    "size_gb",
    "criticality",
    "reliability",
    "priority"
  ],
  "labels": [
    "f1",
    "clinic",
    "standard"
  ],
  "metrics": {
    "loss": 0.15419276834250517,
    "accuracy": 1.0
  },
  "timestamp": 1763230572.4009726
}